{
  "forms": [
    "static",
    "u_recency",
    "v_recency",
    "joint",
    "synchrony"
  ],
  "tau_grid": [
    18.62652,
    38.54084185064625,
    79.74632355139474,
    165.00615488909202,
    341.4205186993457,
    706.4461969147804,
    1461.73472829509,
    3024.5309908033487,
    6258.172250583056,
    12949.022521857238,
    26793.315613187886,
    55439.06965457453,
    114711.09020385552,
    237353.08506699122,
    491116.30698218977,
    1016187.4530333104,
    2102632.1566222697,
    4350636.265843656,
    9002067.174736157,
    18626520.0
  ],
  "val_mrr": {
    "static": [
      0.5115357123326446,
      0.5115357123326446,
      0.5115357123326446,
      0.5115357123326446,
      0.5115357123326446,
      0.5115357123326446,
      0.5115357123326446,
      0.5115357123326446,
      0.5115357123326446,
      0.5115357123326446,
      0.5115357123326446,
      0.5115357123326446,
      0.5115357123326446,
      0.5115357123326446,
      0.5115357123326446,
      0.5115357123326446,
      0.5115357123326446,
      0.5115357123326446,
      0.5115357123326446,
      0.5115357123326446
    ],
    "u_recency": [
      0.007765946999439324,
      0.015616244464685671,
      0.03541053870707066,
      0.10799477047996216,
      0.2511073102738277,
      0.4635530986747388,
      0.5009510737499955,
      0.5108966647906922,
      0.5108966647906922,
      0.5108966647906922,
      0.5108966647906922,
      0.5108966647906922,
      0.5108966647906922,
      0.5108966647906922,
      0.5108966647906922,
      0.5108966647906922,
      0.5108966647906922,
      0.5108966647906922,
      0.5108966647906922,
      0.5108966647906922
    ],
    "v_recency": [
      0.0036312908485923554,
      0.0048266646771374525,
      0.0075452854710176395,
      0.017659057172356097,
      0.0417160818317911,
      0.08549876868330819,
      0.1147551343846294,
      0.13899007894578802,
      0.1720365223961742,
      0.22085535579636795,
      0.31493863633706376,
      0.38868314820076394,
      0.4429795774647531,
      0.47963948860947675,
      0.5068051642888844,
      0.5179773319019763,
      0.519964414871951,
      0.5188500372715752,
      0.5172587814475644,
      0.5165857404603235
    ],
    "joint": [
      0.002952518504300713,
      0.003570849525651863,
      0.004553550741023687,
      0.007257659124057431,
      0.021053561564823534,
      0.06267166780248576,
      0.11270288331128953,
      0.1381258522371014,
      0.17110792112500303,
      0.21987250842012565,
      0.313992075711068,
      0.38781180677481913,
      0.44217824301507525,
      0.4788613665093826,
      0.5060685107318152,
      0.5172676319465899,
      0.5193690647098677,
      0.5182693867046979,
      0.5166871445925695,
      0.5160254783454328
    ],
    "synchrony": [
      0.2645738049666033,
      0.26477361661890847,
      0.2664824978065365,
      0.2681552127115548,
      0.27065861459118423,
      0.2742075268672089,
      0.27834763013845987,
      0.2866009255443176,
      0.30442039768614004,
      0.3363079390307404,
      0.3717308312201654,
      0.4012022796528128,
      0.43783660222133197,
      0.47698843357812826,
      0.5005949539843972,
      0.5171759195365235,
      0.5198906445996636,
      0.5200517558019705,
      0.519400115970179,
      0.5189171039638069
    ]
  },
  "test_mrr": {
    "static": [
      0.4709302730214348,
      0.4709302730214348,
      0.4709302730214348,
      0.4709302730214348,
      0.4709302730214348,
      0.4709302730214348,
      0.4709302730214348,
      0.4709302730214348,
      0.4709302730214348,
      0.4709302730214348,
      0.4709302730214348,
      0.4709302730214348,
      0.4709302730214348,
      0.4709302730214348,
      0.4709302730214348,
      0.4709302730214348,
      0.4709302730214348,
      0.4709302730214348,
      0.4709302730214348,
      0.4709302730214348
    ],
    "u_recency": [
      0.0019980021671736677,
      0.0019980021671736677,
      0.0019980021671736677,
      0.0019980021671736677,
      0.0019980021671736677,
      0.1253635610014199,
      0.42878512804590235,
      0.46927849157016466,
      0.47000896271091,
      0.47000896271091,
      0.47000896271091,
      0.47000896271091,
      0.47000896271091,
      0.47000896271091,
      0.47000896271091,
      0.47000896271091,
      0.47000896271091,
      0.47000896271091,
      0.47000896271091,
      0.47000896271091
    ],
    "v_recency": [
      0.0019980021671736677,
      0.0019980021671736677,
      0.0019980021671736677,
      0.0019980021671736677,
      0.0019980021671736677,
      0.03252500533346835,
      0.1008586711971277,
      0.12674602835594007,
      0.15439991592078134,
      0.19606753519042397,
      0.26293368814741264,
      0.32570712762150267,
      0.3791752759325576,
      0.42394782690112526,
      0.4509409817508987,
      0.46657000540158144,
      0.4759053531115475,
      0.4780764949463017,
      0.47364841529507945,
      0.4738299090135583
    ],
    "joint": [
      0.0019980021671736677,
      0.0019980021671736677,
      0.0019980021671736677,
      0.0019980021671736677,
      0.0019980021671736677,
      0.0019980021671736677,
      0.0417267308845473,
      0.1234538828247263,
      0.15325936630008047,
      0.19485814283616,
      0.2617034447307383,
      0.324595447299978,
      0.37814017482162604,
      0.42288606487121416,
      0.45008062544130983,
      0.4657390883560173,
      0.4750856605302443,
      0.47730065384592807,
      0.47285914532498674,
      0.4730787304138672
    ],
    "synchrony": [
      0.23228456759349556,
      0.2332955174515598,
      0.23470597130781506,
      0.2358427862569142,
      0.23787352054563873,
      0.24082967211960515,
      0.24441791886697178,
      0.2513860532102724,
      0.26320542126881236,
      0.2832707544841486,
      0.31314286711340017,
      0.346269982452509,
      0.38152350555910763,
      0.4141625354989819,
      0.453245694453237,
      0.47639652903476404,
      0.47893321503132397,
      0.4782047851402947,
      0.4770925426737922,
      0.47654327291471377
    ]
  }
}