{
  "lin_val": 0.5181413167056295,
  "lin_test": 0.47397473499209464,
  "bil_r16_val": 0.24620250726663365,
  "bil_r16_test": 0.21548692269799036,
  "bil_r32_val": 0.41989367836159225,
  "bil_r32_test": 0.3857835106109286,
  "bil_r64_val": 0.47119739250046677,
  "bil_r64_test": 0.4211328966853274,
  "mah_val": 0.5496334650095206,
  "mah_test": 0.47648520771347797,
  "proj_k16_val": 0.49883599894579755,
  "proj_k16_test": 0.460715261562264,
  "proj_k32_val": 0.5108762246353461,
  "proj_k32_test": 0.4684561139750021,
  "proj_k64_val": 0.5118367541118296,
  "proj_k64_test": 0.47091191765699464,
  "proj_k86_val": 0.5122001119451418,
  "proj_k86_test": 0.4713590731176115,
  "proj_k128_val": 0.5115357123326446,
  "proj_k128_test": 0.4709302730214348
}