{
  "shape": [
    9227,
    128
  ],
  "n_active": 7475,
  "n_inactive": 1752,
  "norms": {
    "all": {
      "mean": 1.2803508043289185,
      "std": 0.5622149109840393,
      "min": 0.18033012747764587,
      "max": 2.821582078933716
    },
    "active": {
      "mean": 1.5277563333511353,
      "std": 0.26030731201171875
    },
    "inactive": {
      "mean": 0.22478234767913818,
      "std": 0.014222138561308384
    }
  },
  "effective_dim": {
    "D_eff_90": 69,
    "D_eff_95": 86,
    "D_eff_99": 113,
    "participation_ratio": 54.11208290073718,
    "stable_rank": 18.804909565586875,
    "anisotropy_top_over_mean": 6.8067330796549514,
    "top1_var_fraction": 0.05317760218480431,
    "top5_var_cumulative": 0.19703351246720308,
    "top10_var_cumulative": 0.3192545110939665
  },
  "pairwise_cos_active": {
    "n_pairs": 199976,
    "mean": 0.0015199779300019145,
    "median": -0.01671130210161209,
    "std": 0.13825102150440216,
    "P10": -0.14658382534980774,
    "P90": 0.16158071160316467,
    "P_above_0.5": 0.008376005120614474,
    "P_above_0.8": 0.0019452334280113614,
    "P_below_0": 0.5571468576229147
  }
}