{
  "diag3_column_norms": {
    "cross_table_8d_mean": 1.9852750301361084,
    "time_encoding_3d_time_mean": 1.2183568477630615,
    "cold_start_3bits_mean": 3.5261714458465576,
    "cold_to_cross_table_ratio": 1.7761626939944977,
    "cold_to_time_ratio": 2.894202509158717
  },
  "diag1_cold_start_fractions": {
    "val": {
      "uv": 0.991927182754937,
      "u": 0.05833792458726765,
      "v": 0.03047775542760725
    },
    "test": {
      "uv": 0.9907787554107579,
      "u": 0.05884594715261396,
      "v": 0.005290292984233774
    }
  },
  "phase0_5_baseline_mrr": {
    "val": 0.46536233705154295,
    "test": 0.4269428175442143
  },
  "diag2_zero_out": {
    "val": {
      "full": 0.46536233705154295,
      "zeroed": 0.05314026978962683,
      "drop": 0.4122220672619161
    },
    "test": {
      "full": 0.4269428175442143,
      "zeroed": 0.028042808887856676,
      "drop": 0.39890000865635766
    }
  }
}