{
  "lin_val": 0.520548552233768,
  "lin_test": 0.4739949109401258,
  "bil_r16_val": 0.2726948175654988,
  "bil_r16_test": 0.23714312132491874,
  "bil_r32_val": 0.42565942113295785,
  "bil_r32_test": 0.3940065067311849,
  "bil_r64_val": 0.4744108508138018,
  "bil_r64_test": 0.4305543669438331,
  "mah_val": 0.5495448657131932,
  "mah_test": 0.47494422260228625,
  "proj_k16_val": 0.5028738104596937,
  "proj_k16_test": 0.4633402180861625,
  "proj_k32_val": 0.5083810837772653,
  "proj_k32_test": 0.469155312381053,
  "proj_k64_val": 0.5118920122188819,
  "proj_k64_test": 0.4702291648496014,
  "proj_k86_val": 0.5121378568799696,
  "proj_k86_test": 0.4715725231821735,
  "proj_k128_val": 0.5132486779120375,
  "proj_k128_test": 0.47050439608530525
}