{
  "val": {
    "n_edges": 23621,
    "mrr_cos": 0.5115357123326446,
    "mrr_negl2": 0.5201179977683762,
    "mrr_dot": 0.48896971130906214,
    "hits_at_1_cos": 0.4268235891791203,
    "hits_at_10_cos": 0.6411667583929554,
    "hits_at_1_negl2": 0.43287752423690784,
    "hits_at_10_negl2": 0.6563650988527158,
    "hits_at_1_dot": 0.399813725075145,
    "hits_at_10_dot": 0.6326997163540917,
    "margin_cos": {
      "pos_mean": 0.6161077618598938,
      "neg_mean": 0.004696864169090986,
      "pos_minus_neg_mean": 0.611410915851593,
      "pos_minus_neg_std": 0.4361320436000824,
      "pos_minus_neg_P10": -0.035249534994363785,
      "pos_minus_neg_P90": 0.9981025457382202
    }
  },
  "test": {
    "n_edges": 23621,
    "mrr_cos": 0.4709302730214348,
    "mrr_negl2": 0.4743429289219053,
    "mrr_dot": 0.447043039513719,
    "hits_at_1_cos": 0.38880657042462213,
    "hits_at_10_cos": 0.5990008890394141,
    "hits_at_1_negl2": 0.38901824647559374,
    "hits_at_10_negl2": 0.608018288810804,
    "hits_at_1_dot": 0.3559121121036366,
    "hits_at_10_dot": 0.5947673680199822,
    "margin_cos": {
      "pos_mean": 0.5769670605659485,
      "neg_mean": 0.0020332098938524723,
      "pos_minus_neg_mean": 0.5749338269233704,
      "pos_minus_neg_std": 0.44117608666419983,
      "pos_minus_neg_P10": -0.052407585084438324,
      "pos_minus_neg_P90": 0.9968385696411133
    }
  }
}